dataset,method,reduction,class,mac0,mac1,mac2,mac3,mac4,mac5,mac6,mac7,mac8,mac9,macro_avg_ic
20ng,adaptive-cluster-is,0.40309016628485994,roberta,0.7241490604,0.7203096560,0.7252366405,0.7005847160,0.7509917383,0.7090534752,0.7393484144,0.7523138454,0.7070236632,0.7198618829,
20ng,adaptive-perplexity,0.35757104648370813,roberta,0.6991302073,0.7399283190,0.7202602510,0.7211077137,0.7389609848,0.7012733330,0.7382004901,0.7607667257,0.7188597715,0.7182376290,
20ng,autoencoder-is,0.24995577986228623,roberta,0.7441957756,0.7622016091,0.7374517906,0.7131691817,0.7399664775,0.7119198593,0.7327724567,0.7593716610,0.7038577929,0.7182662033,
20ng,biois,0.39107037981563786,roberta,0.7276311812,0.7553038271,0.7236873845,0.7115108341,0.7327458569,0.7259495910,0.7436888582,0.7631843252,0.7112814561,0.7301349225,
20ng,entropy-sublinear-ae-is,0.22468768222588711,roberta,0.7276501307,0.7524823504,0.7375544739,0.7130763366,0.7274601059,0.7045855976,0.7549811111,0.7498033998,0.7200940551,0.7206406522,
20ng,gmm-is,0.299951656431839,roberta,0.7145789435,0.7377796114,0.7400328210,0.7080278313,0.7368437083,0.7084923164,0.7455337454,0.7777963634,0.7097861191,0.7188886616,
20ng,no-is,0.0,roberta,0.7570451139,0.7454612811,0.7447698787,0.7158179893,0.7641197213,0.7354454409,0.7444860573,0.7794729317,0.7268819388,0.7484475292,
20ng,sublinear-ae-is,0.249979367897558,roberta,0.7424153220,0.7372087332,0.7490856992,0.6922640102,0.7315814416,0.7250292566,0.7523972141,0.7460483424,0.7145343431,0.7263447809,
acm,adaptive-cluster-is,0.399276777462931,roberta,0.6626451980,0.6749938614,0.6641984627,0.6487139601,0.6379860837,0.6518478577,0.6908738206,0.6448576752,0.6695985598,0.7136182303,
acm,adaptive-perplexity,0.38016162992447516,roberta,0.6794457370,0.6972474819,0.6567741345,0.6642928748,0.6266239019,0.6552761305,0.6918978423,0.6669090951,0.6567239995,0.6742261000,
acm,autoencoder-is,0.2999647443549308,roberta,0.6666725195,0.6777806805,0.6634378041,0.6320635498,0.6781646865,0.6528666557,0.6972022526,0.6313088211,0.6956115858,0.7013830926,
acm,biois,0.3627299767991165,roberta,0.6918905306,0.6943337181,0.6515366914,0.6317723767,0.6662264863,0.6826506232,0.6645918496,0.6634023933,0.6755826755,0.6977616998,
acm,entropy-sublinear-ae-is,0.19215895186864532,roberta,0.6668139435,0.6792780238,0.6547985879,0.6864357505,0.6447690579,0.6923957253,0.6924012325,0.6550244628,0.7000536044,0.7012687810,
acm,gmm-is,0.2999602820613119,roberta,0.6627609323,0.6695438014,0.6686796881,0.6442426479,0.6709308525,0.6497732763,0.6824313507,0.6746435782,0.6634873717,0.6526640198,
acm,no-is,0.0,roberta,0.7075604009,0.6878855615,0.6731542934,0.6850993707,0.6883957617,0.6608662430,0.7021395937,0.6739016161,0.6870316254,0.7131924851,
acm,sublinear-ae-is,0.3499930798300666,roberta,0.6704776737,0.6808415783,0.6639344558,0.6499227833,0.6490040923,0.6608605644,0.6929698829,0.6470432995,0.6303013028,0.6313251584,
books,adaptive-cluster-is,0.4007032776775964,roberta,0.8376699288,0.8365744668,0.8472532972,0.8304124303,0.8267827091,0.8514894708,0.8330333413,0.8399390729,0.8419771182,0.8478201422,
books,adaptive-perplexity,0.3954806605823127,roberta,0.8402152266,0.8303777170,0.8470303419,0.8334104077,0.8247651799,0.8500643599,0.8261473742,0.8303839988,0.8375324714,0.8379631891,
books,autoencoder-is,0.24997850151760975,roberta,0.8438148561,0.8468628793,0.8634414312,0.8428990351,0.8414290502,0.8530730978,0.8329852183,0.8546162941,0.8450142447,0.8503041565,
books,biois,0.36014698394800476,roberta,0.8316141741,0.8322475764,0.8496432602,0.8340257725,0.8344546099,0.8500496137,0.8302728662,0.8405651379,0.8456038601,0.8452992384,
books,entropy-sublinear-ae-is,0.1863163333933142,roberta,0.8488482373,0.8535380310,0.8514794129,0.8511231834,0.8497338090,0.8664644967,0.8445515008,0.8492244915,0.8547779546,0.8603778778,
books,gmm-is,0.2999874316968405,roberta,0.8507043632,0.8529715731,0.8409999424,0.8205664790,0.8342325573,0.8620439649,0.8407410434,0.8532832206,0.8448941987,0.8450341489,
books,no-is,0.0,roberta,0.8639822208,0.8562809339,0.8708262336,0.8559730075,0.8565105782,0.8660313680,0.8530520535,0.8674388985,0.8661726994,0.8640482687,
books,sublinear-ae-is,0.2499983465062037,roberta,0.8501427049,0.8494579908,0.8628975802,0.8417312964,0.8419745781,0.8788555343,0.8325107093,0.8564625403,0.8460804612,0.8532746716,
dblp,adaptive-cluster-is,0.40834386213980556,roberta,0.8090110747,0.7917773414,0.7892694697,0.7956084136,0.7881343960,0.7712061033,0.7888873121,0.8047649627,0.7961890211,0.7805050844,
dblp,adaptive-perplexity,0.4041707428436757,roberta,0.8166259607,0.7994582059,0.7938114299,0.7825293522,0.7985728301,0.7795441604,0.8013032468,0.7923946352,0.7959539378,0.7888461577,
dblp,autoencoder-is,0.24997668675005638,roberta,0.8069960506,0.7958023795,0.7934778268,0.8019128247,0.8024023467,0.7954153748,0.8037610995,0.8119415832,0.8132329443,0.8044646458,
dblp,biois,0.3403418921402079,roberta,0.8126313334,0.8038734294,0.7927820577,0.7801976434,0.7806678544,0.7856680691,0.7935076918,0.8146709519,0.7934435621,0.7889033921,
dblp,entropy-sublinear-ae-is,0.16870948874222738,roberta,0.8166087797,0.8150166947,0.8123592295,0.7836782059,0.8125614225,0.7878497483,0.7804274913,0.8200263996,0.8036418577,0.8011291241,
dblp,gmm-is,0.29998368074202386,roberta,0.8127666078,0.8034553361,0.7920529218,0.7912455540,0.7952753200,0.7812689135,0.7982379013,0.8074032585,0.7884310269,0.7985446940,
dblp,no-is,0.0,roberta,0.8083758844,0.8226861146,0.7952446217,0.7843853573,0.7899820500,0.7828598010,0.8112368542,0.8276100188,0.8031875426,0.8055837408,
dblp,sublinear-ae-is,0.24998834337502818,roberta,0.7903753473,0.8088977154,0.8002172881,0.8032447505,0.7957950895,0.7738286070,0.7932391865,0.7878641717,0.8115166424,0.7963209538,
movie_review,adaptive-cluster-is,0.42021510287094177,roberta,0.8872974629,0.8496473688,0.8834208224,0.8626327459,0.8658270921,0.8864386918,0.8789688669,0.8752159636,0.8705326969,0.8344066646,
movie_review,adaptive-perplexity,0.3620855050556283,roberta,0.8750546979,0.8650325718,0.8357531214,0.8742959928,0.8835850971,0.8826639381,0.8732645540,0.8742924528,0.8393722435,0.8742216117,
movie_review,autoencoder-is,0.24990099878770922,roberta,0.8875350465,0.8771827159,0.8798737886,0.8798826715,0.8930039268,0.8844908649,0.8844762099,0.8873404165,0.8771105860,0.8714820633,
movie_review,biois,0.3440046617044057,roberta,0.8883153940,0.8504117242,0.8798978963,0.8873816768,0.8704670330,0.8947709838,0.8818011257,0.8637759711,0.8590682818,0.8626870412,
movie_review,entropy-sublinear-ae-is,0.2972134591862468,roberta,0.8706398516,0.8798237340,0.8760609231,0.8817195211,0.8742964353,0.8863546455,0.8722903453,0.8789629013,0.8808620958,0.8752317767,
movie_review,gmm-is,0.2998186711894243,roberta,0.8600236841,0.8650325718,0.8712527472,0.8722745934,0.8513113151,0.8873900045,0.8603368177,0.8723982538,0.8864906582,0.8789688669,
movie_review,no-is,0.0,roberta,0.8800247372,0.8687401586,0.8787092449,0.8807974776,0.8723982538,0.8721159580,0.8808604183,0.8760744582,0.8703615579,0.8874153767,
movie_review,sublinear-ae-is,0.24991141871037545,roberta,0.8668041578,0.8725388237,0.8889540201,0.8817994614,0.8494291798,0.8949339641,0.8807865611,0.8780449169,0.8664740150,0.8658525961,
mpqa,adaptive-cluster-is,0.45109699366426986,roberta,0.8974831300,0.8770765108,0.8605415352,0.8502111518,0.8623598745,0.8786472743,0.8836162410,0.8915445462,0.8689368602,0.8700203340,
mpqa,adaptive-perplexity,0.2613930956795235,roberta,0.8808321918,0.8630405445,0.8850858625,0.8673315396,0.8806231776,0.8609542386,0.8854306445,0.8998113850,0.8819139466,0.8642787407,
mpqa,autoencoder-is,0.2499633337822089,roberta,0.8917450905,0.8651042550,0.8699531782,0.8400281185,0.8624745738,0.8731771456,0.8877649090,0.8900630602,0.8954222573,0.8935139979,
mpqa,biois,0.30670270511719216,roberta,0.8850353119,0.8727975666,0.8719224491,0.8567819183,0.8718054479,0.8848829848,0.8884849097,0.8989635266,0.8924835750,0.8762059789,
mpqa,entropy-sublinear-ae-is,0.3051100705393103,roberta,0.8909597621,0.8848309293,0.8891569240,0.8708097223,0.8680512374,0.8767311088,0.8809748238,0.9067279095,0.8827791127,0.8619614673,
mpqa,gmm-is,0.2998302855342338,roberta,0.8806464515,0.8822532958,0.8760619319,0.8643244893,0.8724996688,0.8819663665,0.8850744009,0.8917483660,0.8910052877,0.8821812038,
mpqa,no-is,0.0,roberta,0.8730777481,0.8779606537,0.8770516906,0.8725655571,0.8601751106,0.8752660628,0.8833685322,0.8957837020,0.8925509731,0.8793884030,
mpqa,sublinear-ae-is,0.2500471440046525,roberta,0.8872097884,0.8855766258,0.8647012388,0.8611658019,0.8665974966,0.8754392357,0.8684627213,0.8911861169,0.8750055910,0.8813709190,
ohsumed,adaptive-cluster-is,0.40500729732675994,roberta,0.7426353842,0.7016095160,0.7489754997,0.7182237732,0.7297935554,0.7461195384,0.7456281002,0.7219974509,0.7540541055,0.7298535850,
ohsumed,adaptive-perplexity,0.4171978398668459,roberta,0.7360897128,0.7211116869,0.7126314356,0.7233538053,0.7328856538,0.7383253456,0.7474990033,0.7206780143,0.7226840790,0.7411844903,
ohsumed,autoencoder-is,0.2499423258191528,roberta,0.7419257808,0.7347074824,0.7454327794,0.7554010551,0.7305830998,0.7574673581,0.7677481911,0.7596013384,0.7487150456,0.7364334834,
ohsumed,biois,0.3904248471764685,roberta,0.7619621582,0.6992771848,0.7141903496,0.7270634452,0.7344687601,0.7538848641,0.7294250888,0.7445597796,0.7272422272,0.7263304421,
ohsumed,entropy-sublinear-ae-is,0.13904383590108438,roberta,0.7695096767,0.7387611774,0.7549050075,0.7547224711,0.7467609904,0.7364872869,0.7624998836,0.7455931440,0.7412718855,0.7622523087,
ohsumed,gmm-is,0.29995507432094953,roberta,0.7623150862,0.7333563701,0.7400474859,0.7333308665,0.7155418616,0.7485178959,0.7636321916,0.7185896365,0.7429891310,0.7702218036,
ohsumed,no-is,0.0,roberta,0.7851615204,0.7455796030,0.7821729358,0.7447376209,0.7467771208,0.7558491619,0.7581101688,0.7622149587,0.7660641618,0.7745234626,
ohsumed,sublinear-ae-is,0.2499544683727318,roberta,0.7596216099,0.7226097716,0.7429096626,0.7524015389,0.7503105912,0.7607731012,0.7622634783,0.7278609903,0.7432495300,0.7485576727,
pang_movie,adaptive-cluster-is,0.42679059086098603,roberta,0.8792133773,0.8636654304,0.8494908314,0.8657675452,0.8205398395,0.8695967085,0.8581591156,0.8742747500,0.8752027829,0.8742326859,
pang_movie,adaptive-perplexity,0.35795870056690116,roberta,0.8725715890,0.8761198445,0.8646411276,0.8760871173,0.8686383241,0.8599044767,0.8667537534,0.8685341790,0.8779968165,0.8555973747,
pang_movie,autoencoder-is,0.24990099933063972,roberta,0.8762308784,0.8817595048,0.8789688669,0.8509428686,0.8713099261,0.8683546626,0.8780419118,0.8655459072,0.8788075881,0.8713099261,
pang_movie,biois,0.34311886041392237,roberta,0.8885649577,0.8677101569,0.8855498451,0.8808620958,0.8563351176,0.8606289753,0.8739730378,0.8732770531,0.8658535405,0.8676877979,
pang_movie,entropy-sublinear-ae-is,0.2935761617371841,roberta,0.8380749298,0.8797556479,0.8619349825,0.8892960741,0.8751544301,0.8425394995,0.8732368685,0.8948617965,0.8832564959,0.8901835030,
pang_movie,gmm-is,0.299818671840805,roberta,0.8828839498,0.8456316578,0.8732770531,0.8474452297,0.8817973810,0.8817994614,0.8714793489,0.8752212350,0.8930205043,0.8675870891,
pang_movie,no-is,0.0,roberta,0.8641978015,0.8667917448,0.8319773311,0.8939961544,0.8513113151,0.8874280585,0.8655212356,0.8665432360,0.8864906582,0.8742805040,
pang_movie,sublinear-ae-is,0.24994268119325308,roberta,0.8698500732,0.8799143855,0.8733091825,0.8780277426,0.8685638193,0.8760609231,0.8750311809,0.8817907232,0.8920401756,0.8653530378,
reuters90,adaptive-cluster-is,0.41819141909981655,roberta,0.4322763022,0.3426028626,0.3934354569,0.3610186438,0.4225401960,0.3952874065,0.4932764262,0.4130764056,0.4080815990,0.4435087053,
reuters90,adaptive-perplexity,0.4137733393474242,roberta,0.4184793651,0.3195220926,0.4113076962,0.3987928282,0.4324210890,0.4137927060,0.4596103698,0.4176276123,0.4539730746,0.4429022162,
reuters90,autoencoder-is,0.24988540742707507,roberta,0.4448077455,0.3518031191,0.3870288659,0.3998927048,0.4275991247,0.3983266963,0.4498670859,0.4391796508,0.4258133634,0.4510239885,
reuters90,biois,0.39306925329033093,roberta,0.4194722681,0.3464373517,0.3608850595,0.3384235607,0.4133260578,0.3650797720,0.4296442401,0.4107223359,0.4131637810,0.4453773878,
reuters90,entropy-sublinear-ae-is,0.24226558673055637,roberta,0.4333902152,0.3503156206,0.3906992130,0.3742010827,0.4228570634,0.3876209914,0.4835746640,0.4319131640,0.4025739813,0.4424360855,
reuters90,gmm-is,0.2999341166680657,roberta,0.4567468000,0.3547735501,0.3984327881,0.3876911028,0.4323991847,0.4133094246,0.5012396278,0.4306390212,0.4026518704,0.4491863989,
reuters90,no-is,0.0,roberta,0.4387353714,0.3721227874,0.4042513178,0.3915058118,0.4426243558,0.3844550600,0.4478445233,0.4329985097,0.4497480723,0.4465501835,
reuters90,sublinear-ae-is,0.24993538058599013,roberta,0.4285292343,0.3437714629,0.3762453779,0.3589343905,0.4472646579,0.3688071065,0.4679705990,0.4354703640,0.4018376368,0.4407966232,
sst1,adaptive-cluster-is,0.42251260670514645,roberta,0.5128974737,0.5208885083,0.5146047976,0.5132962332,0.4708593841,0.5011345886,0.4769412343,0.5188027351,0.4903768272,0.4882948859,
sst1,adaptive-perplexity,0.35632406969082353,roberta,0.5093187234,0.5035212661,0.5162491618,0.5196973933,0.4810177372,0.4917781391,0.5098592070,0.5027208411,0.5226107548,0.5144385081,
sst1,autoencoder-is,0.24996485363484655,roberta,0.5178673357,0.5516065585,0.4692206734,0.5232127157,0.5035617631,0.4927488176,0.5031734973,0.5345698463,0.5107548024,0.4857217101,
sst1,biois,0.5121326956682303,roberta,0.4933414975,0.5122387592,0.4955054508,0.5164831799,0.4873348307,0.4949630653,0.4870443763,0.5249907816,0.5317955603,0.4843029549,
sst1,entropy-sublinear-ae-is,0.29860802034606476,roberta,0.5162675401,0.5268018932,0.5341215502,0.5035041456,0.5230451993,0.4820606955,0.4864134873,0.5208728857,0.5383651627,0.4922050754,
sst1,gmm-is,0.29992033432002585,roberta,0.5262750954,0.5179677057,0.5194707874,0.5244685205,0.5031791011,0.5010276223,0.4799285908,0.5344168498,0.5247163367,0.5125381483,
sst1,no-is,0.0,roberta,0.5245960686,0.5284771442,0.5106333327,0.5196933254,0.5208593691,0.4841149411,0.4748717137,0.5321338980,0.5235048052,0.5476946458,
sst1,sublinear-ae-is,0.2499648545132861,roberta,0.5204116632,0.5113282239,0.4556443344,0.5131742994,0.4806192920,0.4630854350,0.4891668343,0.5383632167,0.5139038444,0.5157460392,
sst2,adaptive-cluster-is,0.4286324719180565,roberta,0.9178402665,0.9041654214,0.9216342650,0.9136301374,0.8861326136,0.9094657737,0.9094029875,0.9166970059,0.9248494643,0.9229667663,
sst2,adaptive-perplexity,0.36035696636718684,roberta,0.9040636165,0.9137190829,0.8879792095,0.9113811992,0.8923719958,0.9110786712,0.9312500000,0.9020960680,0.9312887290,0.9082091626,
sst2,autoencoder-is,0.24989308529720827,roberta,0.9018525031,0.9136070563,0.9291067906,0.9206923511,0.8969732374,0.9048304652,0.9344089132,0.9145833333,0.9249544469,0.9120553963,
sst2,biois,0.32148596473311164,roberta,0.9186231130,0.9167589644,0.9116377331,0.9153373032,0.9042289527,0.9101478582,0.9196021230,0.9228698482,0.9313089699,0.9154458210,
sst2,entropy-sublinear-ae-is,0.29854270600011873,roberta,0.9230649519,0.9136429365,0.9281899270,0.9218069404,0.9021673208,0.9312195820,0.9291924551,0.9343705183,0.9076365225,0.9217444553,
sst2,gmm-is,0.2999410528891098,roberta,0.9196352917,0.9062305053,0.9157340370,0.9176652275,0.9077405109,0.9094128036,0.9155514957,0.9155808029,0.9034752913,0.9248135334,
sst2,no-is,0.0,roberta,0.9124059107,0.9209487192,0.9260476724,0.9197625308,0.9094029875,0.9250188558,0.9125864130,0.9229447305,0.9291666667,0.9240108016,
sst2,sublinear-ae-is,0.24995087807560804,roberta,0.9131053681,0.9155440667,0.9282178833,0.9247749511,0.9113103827,0.9120837472,0.9279723660,0.9140309306,0.9333576048,0.9299301227,
subj,adaptive-cluster-is,0.4215777777777778,roberta,0.9529988250,0.9639994240,0.9629996670,0.9689997210,0.9529706066,0.9649999650,0.9619961996,0.9479991680,0.8415766294,0.9589989750,
subj,adaptive-perplexity,0.35863333333333336,roberta,0.9609996490,0.9519675301,0.9689984809,0.9659912938,0.9579998320,0.9649744664,0.9559992960,0.9429378593,0.9609756098,0.9649957645,
subj,autoencoder-is,0.24988888888888888,roberta,0.9649996850,0.9569978929,0.9709934735,0.9659994560,0.9709992750,0.9639994240,0.9559913743,0.9368225345,0.9689910384,0.9589907729,
subj,biois,0.2891,roberta,0.9529894226,0.9439495546,0.9599870358,0.9719989920,0.9649971648,0.9659987760,0.9609968407,0.9479166667,0.9599897574,0.9559992960,
subj,entropy-sublinear-ae-is,0.26332222222222224,roberta,0.9639987040,0.9559823930,0.9709964906,0.9699956794,0.9649898821,0.9609952804,0.9619961996,0.9629981869,0.9679998720,0.9559887331,
subj,gmm-is,0.3,roberta,0.9609999610,0.9589999590,0.9699902768,0.9609793581,0.9499487475,0.9619993920,0.9589996310,0.9619998480,0.9709992750,0.9609912230,
subj,no-is,0.0,roberta,0.9589851937,0.9338600479,0.9629688568,0.9629916731,0.9609793581,0.9659978239,0.9509328270,0.9579831933,0.9619993920,0.9569875694,
subj,sublinear-ae-is,0.24993333333333334,roberta,0.9619986320,0.9639998560,0.9629999630,0.9699989200,0.9398614408,0.9609996490,0.9569686301,0.9640000000,0.9599921585,0.9609934079,
trec,adaptive-cluster-is,0.39699061330209034,roberta,0.9379160206,0.9086112891,0.9578365837,0.9486356161,0.9205340731,0.9141449289,0.9266152131,0.9219949291,0.9650964142,0.9632578205,
trec,adaptive-perplexity,0.30941973140194867,roberta,0.9406960199,0.9649828235,0.9530315939,0.9417150756,0.9406266781,0.9363405539,0.9511273175,0.9392865652,0.9584233525,0.9589520360,
trec,autoencoder-is,0.2497759870559456,roberta,0.9253799287,0.9505476500,0.9590950136,0.9512023102,0.9523364638,0.9285969744,0.9490574386,0.9535269726,0.9359107493,0.9426741913,
trec,biois,0.3634633124695125,roberta,0.9454606964,0.9490607337,0.9385291635,0.9629987758,0.9317602277,0.9360394426,0.9543075578,0.8926356198,0.9239824228,0.9483336586,
trec,entropy-sublinear-ae-is,0.23934044962632908,roberta,0.9582905670,0.9453165164,0.9586968669,0.9518534477,0.9491313807,0.9274390355,0.9712678900,0.9438807355,0.9631476649,0.9636102080,
trec,gmm-is,0.2998058559131903,roberta,0.9445577447,0.9545455703,0.9541914214,0.9578845870,0.9420590237,0.9286830146,0.9416770334,0.9395227304,0.9669640100,0.9508217981,
trec,no-is,0.0,roberta,0.9420596556,0.9497835219,0.9597825032,0.9674702272,0.9500074797,0.9145096580,0.9366327702,0.9279918256,0.9698239874,0.9727104249,
trec,sublinear-ae-is,0.24996265521524189,roberta,0.9421629301,0.9439873948,0.9519506828,0.9452955123,0.9521715216,0.9298977650,0.9563668136,0.9296500499,0.9541264311,0.9742768147,
twitter,adaptive-cluster-is,0.4142565103183665,roberta,0.7273264220,0.8017154025,0.7332488763,0.7478239497,0.7840622235,0.7135739477,0.7021685493,0.7377499037,0.7996048032,0.7670233803,
twitter,adaptive-perplexity,0.33534999023916834,roberta,0.7604907978,0.7796908562,0.7341436276,0.7591558973,0.7846047997,0.7038855659,0.7652028066,0.7647156852,0.7952738311,0.7516983373,
twitter,autoencoder-is,0.24978959368766943,roberta,0.7779690958,0.7729377135,0.7737548008,0.7865915762,0.7892662992,0.7311187220,0.7389461494,0.7671066014,0.7896352794,0.7974674355,
twitter,biois,0.30336812738230734,roberta,0.7518711459,0.8179529721,0.7664819372,0.7669378093,0.7993524942,0.7131737202,0.7334464228,0.7682024953,0.7820447760,0.7584969792,
twitter,entropy-sublinear-ae-is,0.29935083535421125,roberta,0.7498541169,0.8018062706,0.7444403775,0.7114478021,0.8169883278,0.7521213098,0.7420626130,0.7790616135,0.7736693683,0.7775017454,
twitter,gmm-is,0.29985866588116056,roberta,0.7859369606,0.7920467351,0.7661576552,0.7474362976,0.8317076929,0.7248642936,0.7228141875,0.7423130285,0.7660123998,0.7669144856,
twitter,no-is,0.0,roberta,0.7932520057,0.7802954750,0.7441325786,0.7763087284,0.8245233005,0.7008080950,0.7175889530,0.7426836635,0.7629598546,0.7458053049,
twitter,sublinear-ae-is,0.24986899405640747,roberta,0.7548878780,0.8039964558,0.7772276206,0.7739921466,0.7788775872,0.7528479765,0.7676628046,0.7395247321,0.7931695589,0.7463457177,
vader_movie,adaptive-cluster-is,0.4217244898181104,roberta,0.8757408810,0.9044650848,0.9042954410,0.9042322532,0.8930840917,0.9006618960,0.8948855153,0.8693139629,0.8985628116,0.8833946339,
vader_movie,adaptive-perplexity,0.36686231916090994,roberta,0.9006708673,0.8882755757,0.9109350573,0.9034962406,0.8968764797,0.8967581968,0.8958150214,0.8768899650,0.9004824197,0.8637415666,
vader_movie,autoencoder-is,0.24991589018367127,roberta,0.9139756700,0.9063360980,0.9071943091,0.8967148819,0.8948894712,0.9025512592,0.8929915606,0.8938845823,0.8977214027,0.8977214027,
vader_movie,biois,0.3312831184672829,roberta,0.8969082855,0.8969642875,0.9035003867,0.9091534164,0.8835991674,0.9053308494,0.9033744313,0.8985628116,0.8919695034,0.8854140978,
vader_movie,entropy-sublinear-ae-is,0.27642141763870653,roberta,0.9072527551,0.9063903414,0.8977668400,0.9110339467,0.9025418381,0.8959161385,0.8976828642,0.8910554008,0.9043539163,0.9128084176,
vader_movie,gmm-is,0.299899064683082,roberta,0.9044917258,0.8998052354,0.9072807018,0.9016040100,0.9016082374,0.8959109204,0.8815513542,0.8929915606,0.8986537939,0.8890205311,
vader_movie,no-is,0.0,roberta,0.8884672148,0.9053328561,0.8968746336,0.9214283347,0.9025320660,0.9081979748,0.9024074235,0.8976975490,0.8907574742,0.9053016716,
vader_movie,sublinear-ae-is,0.24997897061113888,roberta,0.8851999616,0.9035241109,0.9157982265,0.9081120805,0.8882111052,0.9016061237,0.9062431898,0.9062256973,0.9138250621,0.8871404772,
webkb,adaptive-cluster-is,0.4251458711508005,roberta,0.8068489113,0.7958751694,0.7569129016,0.7638270443,0.7576355929,0.7901218852,0.8284707937,0.7615054704,0.8457251233,0.7685772292,
webkb,adaptive-perplexity,0.4052255877437614,roberta,0.7846309475,0.7155699585,0.7248699331,0.7682769185,0.7680263472,0.7814639237,0.8190895973,0.7933996558,0.8315599443,0.7531932344,
webkb,autoencoder-is,0.24985430986672624,roberta,0.7942611465,0.7559011534,0.7990820052,0.7416001933,0.7808236608,0.7830635035,0.8244703766,0.8122732247,0.8311572434,0.8278035728,
webkb,biois,0.3849385269690523,roberta,0.7858889224,0.7312444493,0.8199483602,0.7605177668,0.7523925487,0.7621471982,0.7974322000,0.8447281473,0.8312212521,0.8174530830,
webkb,entropy-sublinear-ae-is,0.29645883906215664,roberta,0.8201862173,0.7801674484,0.7995852469,0.7512451991,0.7533429319,0.7974126466,0.8339882307,0.7920161485,0.8364902543,0.7848219585,
webkb,gmm-is,0.2998604117436791,roberta,0.8228169948,0.8173066090,0.7785515175,0.7439674612,0.7917282138,0.8221308029,0.8153944113,0.7904697460,0.8648039099,0.8013587523,
webkb,no-is,0.0,roberta,0.8295684133,0.7801884157,0.8110651332,0.7773460847,0.7754312922,0.8219544946,0.8567244317,0.8389314590,0.8387731559,0.8390744696,
webkb,sublinear-ae-is,0.24993562537270864,roberta,0.8260248949,0.8141714856,0.7973634426,0.7648834975,0.7958284468,0.8063525508,0.8462593822,0.8178941053,0.8603744204,0.7707549054,
wos11967,adaptive-cluster-is,0.39889316691446053,roberta,0.8559835687,0.8683766969,0.8656448644,0.8688893971,0.8628181272,0.8585377968,0.8449761803,0.8330163833,0.8608254105,0.8444291548,
wos11967,adaptive-perplexity,0.37827155640851706,roberta,0.8661885709,0.8668771549,0.8640130344,0.8652375565,0.8548841934,0.8612000550,0.8546421585,0.8382155444,0.8575836276,0.8365647036,
wos11967,autoencoder-is,0.24994661289595407,roberta,0.8685677091,0.8689801206,0.8633563088,0.8649924874,0.8553321106,0.8467813969,0.8654402071,0.8496420589,0.8640185110,0.8367263092,
wos11967,biois,0.3679191787639132,roberta,0.8671801068,0.8640299563,0.8634689635,0.8634221156,0.8630570264,0.8549100009,0.8591868037,0.8452890239,0.8661317267,0.8461732590,
wos11967,entropy-sublinear-ae-is,0.1849622249020225,roberta,0.8694120196,0.8737717139,0.8665107552,0.8658092380,0.8589848622,0.8570131323,0.8528563390,0.8485323319,0.8633951610,0.8439407143,
wos11967,gmm-is,0.2998987963053238,roberta,0.8649419286,0.8639638681,0.8668456313,0.8657283856,0.8594746562,0.8654285648,0.8523418897,0.8413177116,0.8545128856,0.8503796874,
wos11967,no-is,0.0,roberta,0.8544084663,0.8652754431,0.8690933192,0.8641007132,0.8625536878,0.8636954009,0.8655426938,0.8478223603,0.8674430695,0.8588802359,
wos11967,sublinear-ae-is,0.2500023206162357,roberta,0.8576599095,0.8576169719,0.8728061561,0.8651874481,0.8696382195,0.8553158981,0.8571146479,0.8439283144,0.8674910220,0.8558598874,
wos5736,adaptive-cluster-is,0.4093641701304614,roberta,0.8678507192,0.8975245884,0.8948062632,0.8757076227,0.8845556561,0.8935496768,0.8945233057,0.8791686942,0.8978583855,0.9224424761,
wos5736,adaptive-perplexity,0.4082014922589825,roberta,0.8837328315,0.9035574833,0.8839025807,0.8934035806,0.9025187718,0.8804333950,0.8828997823,0.9011935074,0.8881339541,0.8907260950,
wos5736,autoencoder-is,0.24988377723861924,roberta,0.8692331557,0.9095262725,0.8558909839,0.8992603300,0.8981727451,0.8846508120,0.9048936478,0.9036312487,0.8957233346,0.9149774232,
wos5736,biois,0.3553192203068011,roberta,0.8530121037,0.8997745444,0.8772661806,0.8944811147,0.8923685347,0.8807927213,0.8927104516,0.8951092735,0.8628884015,0.8998427954,
wos5736,entropy-sublinear-ae-is,0.2377768024696333,roberta,0.8801212276,0.8995929882,0.9027452991,0.8855729120,0.8961497637,0.8920703183,0.9089930740,0.8990039672,0.9064195925,0.9128360449,
wos5736,gmm-is,0.2998605326863431,roberta,0.8827275206,0.9051292946,0.8893250072,0.8858190505,0.8970116621,0.8784631314,0.8985543529,0.8952516015,0.8838206156,0.9089712819,
wos5736,no-is,0.0,roberta,0.8916694578,0.9129649388,0.8858290632,0.8959322434,0.9078773576,0.9004530057,0.9091227003,0.8999538630,0.9039672403,0.9134661972,
wos5736,sublinear-ae-is,0.24978692681354223,roberta,0.8546247395,0.9134177270,0.8666071352,0.8936557380,0.8900098645,0.8675210989,0.8963048316,0.9104181588,0.8877336009,0.9163283531,
yelp_reviews,adaptive-cluster-is,0.44566666666666666,roberta,0.9739998960,0.9639532835,0.9699998800,0.9819993520,0.9679953913,0.9800000000,0.9679748923,0.9739998960,0.9699989200,0.9819981998,
yelp_reviews,adaptive-perplexity,0.3940444444444444,roberta,0.9720000000,0.9759996160,0.9739949030,0.9739998960,0.9659889804,0.9799987199,0.9759996160,0.9759996160,0.9839997440,0.9779992080,
yelp_reviews,autoencoder-is,0.24977777777777777,roberta,0.9719995520,0.9739973997,0.9840000000,0.9719959674,0.9819999280,0.9859994960,0.9799996800,0.9739973997,0.9819993520,0.9799996800,
yelp_reviews,biois,0.2713333333333333,roberta,0.9599974398,0.9799948787,0.9859994960,0.9739973997,0.9719959674,0.9799948787,0.9759996160,0.9699989200,0.9779992080,0.9759938544,
yelp_reviews,entropy-sublinear-ae-is,0.3209777777777778,roberta,0.9699969997,0.9680000000,0.9819999280,0.9759984639,0.9759965435,0.9819981998,0.9719995520,0.9679918059,0.9799971196,0.9739990640,
yelp_reviews,gmm-is,0.3,roberta,0.9739990640,0.9819941661,0.9799971196,0.9739973997,0.9779992080,0.9759996160,0.9759965435,0.9779992080,0.9799987199,0.9799987199,
yelp_reviews,no-is,0.0,roberta,0.9759996160,0.9719928302,0.9739998960,0.9819993520,0.9619742946,0.9879992320,0.9739998960,0.9759996160,0.9699989200,0.9779977998,
yelp_reviews,sublinear-ae-is,0.24988888888888888,roberta,0.9779992080,0.9799948787,0.9719928302,0.9799971196,0.9840000000,0.9679815574,0.9779992080,0.9779992080,0.9819999280,0.9800000000,
