dataset,method,time_mean,time_error,time_n,reduction_mean,reduction_error,reduction_n
20ng,adaptive-perplexity,22.315020823478697,2.2362837807843556,10,0.3900763844596542,0.04446303193442973,10
20ng,adaptive-v2-perplexity,18.977799654006958,2.8923336760506473,10,0.38311096805421946,0.0004933680793873737,10
20ng,biois,230.81433200836182,13.0339447860243,10,0.31948428902193715,0.00043116461052380853,10
20ng,no-is,0.012337350845336914,0.0024496329168145793,10,0.0,0.0,10
20ng,perplexity-is,15.960771441459656,0.8753260093592328,10,0.299951656431839,1.5502165296290874e-05,10
acm,adaptive-cluster-is,18.59615910053253,0.5168987270328286,10,0.399276777462931,0.007159768311649146,10
acm,adaptive-perplexity,17.195323872566224,1.094875597197033,10,0.31812854708830723,0.009226224038327716,10
acm,adaptive-v2-perplexity,12.808954787254333,1.0323648222643058,10,0.38203620852365733,0.0002444128416630286,10
acm,biois,401.5819892883301,12.987383246770811,10,0.37149504125884236,0.00029686432545496434,10
acm,no-is,0.012246417999267577,0.001606144022777917,10,0.0,0.0,10
acm,perplexity-is,12.818945407867432,1.1974926412763782,10,0.299951357075815,2.3813916853340517e-05,10
agnews,adaptive-perplexity,55.13425531387329,2.9691521841015054,5,0.18601097178683385,0.014340135407312948,5
agnews,adaptive-v2-perplexity,44.3076075553894,4.109279087737749,5,0.38345807210031346,0.00013615668312492473,5
agnews,biois,403.8121564388275,61.92656914238811,5,0.29253722570532914,0.0001483265556463169,5
agnews,no-is,0.05272073745727539,0.0025317771018348273,5,0.0,0.0,5
agnews,perplexity-is,43.429621648788455,2.1029791792130825,5,0.2999902037617555,0.0,5
books,adaptive-perplexity,20.022370862960816,0.8797104341966114,10,0.3819928806453481,0.020216673206103507,10
books,adaptive-v2-perplexity,17.14414339065552,1.3012054120964633,10,0.38404344661882617,0.0006021841204154952,10
books,biois,324.8042201280594,20.21862113016886,10,0.34632506830384324,0.0003346895657782242,10
books,no-is,0.018836832046508788,0.0022829627299388124,10,0.0,0.0,10
books,perplexity-is,16.853242135047914,1.3597648550616217,10,0.29998412416227677,6.8574976684564885e-06,10
dblp,adaptive-perplexity,25.320734572410583,2.8034563250313305,10,0.2832097159675644,0.017990485128592314,10
dblp,adaptive-v2-perplexity,21.39981601238251,1.9097643278120187,10,0.3834685498036888,0.0002534338714520884,10
dblp,biois,381.5837882041931,31.437931122528095,10,0.34926796398573945,0.00026791212398190453,10
dblp,no-is,0.022730708122253418,0.0019437321073995724,10,0.0,0.0,10
dblp,perplexity-is,19.18498899936676,1.463824007931147,10,0.29998368074202386,2.6367260644350105e-06,10
medline,adaptive-perplexity,331.2139374256134,22.42445781551393,5,0.12201134347775972,0.006321099325371007,5
medline,adaptive-v2-perplexity,304.5292444229126,8.971134880138639,5,0.37833876157223245,0.0003226050732687468,5
medline,biois,531.5784407615662,39.66066174033771,5,0.31989112362838573,0.00031989075755978804,5
medline,no-is,0.38424367904663087,0.02879014623136063,5,0.0,0.0,5
medline,perplexity-is,334.6136754512787,6.453360440405592,5,0.29999918644965484,9.510912442457234e-07,5
movie_review,adaptive-cluster-is,6.965991759300232,0.7714496581665093,10,0.42021510287094177,0.008101186030402432,10
movie_review,adaptive-perplexity,5.630576825141906,0.8144822129675299,10,0.37673774746773286,0.0029060391842313064,10
movie_review,adaptive-v2-perplexity,5.511299467086792,0.6753557242611973,10,0.3863044257410537,5.7171165909058504e-05,10
movie_review,autoencoder-is,8.748995709419251,0.7078009862498819,10,0.2998186711894243,9.42467003740187e-06,10
movie_review,biois,0.5945587396621704,0.008760493571772563,10,0.3727672486429881,0.0007583023767511775,10
movie_review,gmm-is,18.68906545639038,4.943920137126001,10,0.2998186711894243,9.42467003740187e-06,10
movie_review,no-is,0.004778647422790527,0.000129449048166309,10,0.0,0.0,10
movie_review,perplexity-is,5.388315796852112,0.6841673714863007,10,0.2998186711894243,9.42467003740187e-06,10
mpqa,adaptive-cluster-is,6.810380959510804,0.31447759511691953,10,0.45109699366426986,0.007531523259922947,10
mpqa,adaptive-perplexity,3.7339271545410155,0.8047768770056435,10,0.08580048392954212,0.0012417857481109348,10
mpqa,adaptive-v2-perplexity,3.6064528703689573,0.6684184468897747,10,0.36699360939508585,0.0020590807041367255,10
mpqa,autoencoder-is,6.803149461746216,0.34476476479104295,10,0.2997883798742644,5.153659900882907e-05,10
mpqa,biois,0.5326583862304688,0.008058286410366088,10,0.34671149715139626,0.0006236278036282373,10
mpqa,gmm-is,11.578541922569276,5.387469062855883,10,0.2997883809717596,4.2213146791622515e-05,10
mpqa,no-is,0.0047038555145263675,6.432662573973561e-05,10,0.0,0.0,10
mpqa,perplexity-is,3.667299818992615,0.644035279307638,10,0.29963123611874326,9.595945884792184e-05,10
ohsumed,adaptive-cluster-is,13.436185956001282,0.7995827518450392,10,0.40500729732675994,0.003899353519914615,10
ohsumed,adaptive-perplexity,13.025834274291991,0.6105991738369407,10,0.29780596433798656,0.018128019074870962,10
ohsumed,adaptive-v2-perplexity,6.642974090576172,0.4649231905851996,10,0.3218227506958895,0.0003830691327218795,10
ohsumed,autoencoder-is,24.836997747421265,1.2174969422086979,10,0.29995507432094953,1.2819237156608598e-05,10
ohsumed,biois,347.9127844572067,8.904812284262842,10,0.39798322851805207,0.0006910931170737178,10
ohsumed,gmm-is,57.49482810497284,14.228523824459112,10,0.29995507432094953,1.2819237156608598e-05,10
ohsumed,no-is,0.010983896255493165,0.0018436846746089004,10,0.0,0.0,10
ohsumed,perplexity-is,10.501505780220032,1.1435654609416848,10,0.29995507432094953,1.2819237156608598e-05,10
pang_movie,adaptive-cluster-is,6.454425573348999,0.38101506839158295,10,0.42679059086098603,0.005668124003132873,10
pang_movie,adaptive-perplexity,5.845108890533448,0.6732385418116832,10,0.16631216337013469,0.00562799173607982,10
pang_movie,adaptive-v2-perplexity,5.730119371414185,0.6876112270797361,10,0.3852206177735616,0.00016532388729341145,10
pang_movie,autoencoder-is,11.484657692909241,1.3839331616814026,10,0.299818671840805,1.4138478581755749e-05,10
pang_movie,biois,1.5924015045166016,0.09242714336503781,10,0.3708601396784481,0.0011306609993785557,10
pang_movie,gmm-is,36.09146595001221,8.203067966368543,10,0.299818671840805,1.4138478581755749e-05,10
pang_movie,no-is,0.004935526847839355,0.00022197406575387565,10,0.0,0.0,10
pang_movie,perplexity-is,5.593388056755066,0.8409377696477915,10,0.299818671840805,1.4138478581755749e-05,10
reuters90,adaptive-cluster-is,9.249353170394897,0.23962276829176102,10,0.41819141909981655,0.007611149400995798,10
reuters90,adaptive-perplexity,10.443260073661804,0.4096640107630015,10,0.299123574866918,0.03710426472167884,10
reuters90,adaptive-v2-perplexity,8.059439206123352,0.8413772767030325,10,0.3818899860974089,0.000443207565341462,10
reuters90,autoencoder-is,30.497270774841308,1.4107119813211817,10,0.2999507820719703,2.929345381677779e-05,10
reuters90,biois,291.6986248254776,3.7111744720455055,10,0.40416609843338325,0.0006980516367282697,10
reuters90,gmm-is,57.2889568567276,8.50507401024537,10,0.2999507820719703,2.929345381677779e-05,10
reuters90,no-is,0.00756986141204834,0.0008764383667044316,10,0.0,0.0,10
reuters90,perplexity-is,8.050467348098755,0.8972440999613673,10,0.29993413205532027,4.786039484880642e-05,10
sst1,adaptive-cluster-is,7.314774394035339,0.29771467051457146,10,0.42251260670514645,0.006140031017303447,10
sst1,adaptive-perplexity,9.567248630523682,1.6039397863045322,10,0.3631005128944819,0.0054586445310572905,10
sst1,adaptive-v2-perplexity,5.856408500671387,0.715128067866455,10,0.3853320207104415,6.044520097162453e-05,10
sst1,autoencoder-is,9.271023797988892,0.6747328294780232,10,0.29992033432002585,1.0598230666098929e-05,10
sst1,biois,195.00257465839385,46.409042808688454,10,0.5540465509697401,0.001243016885875269,10
sst1,gmm-is,22.653175234794617,4.7596271367527825,10,0.29992033432002585,1.0598230666098929e-05,10
sst1,no-is,0.005361819267272949,0.0001327042010528626,10,0.0,0.0,10
sst1,perplexity-is,5.764160943031311,0.6949308455744476,10,0.29992033432002585,1.0598230666098929e-05,10
sst2,adaptive-cluster-is,5.982904648780822,0.2978665636912168,10,0.4286324719180565,0.006407900621131396,10
sst2,adaptive-perplexity,5.382931590080261,0.7211538079667943,10,0.37520971442402046,0.005894302702785889,10
sst2,adaptive-v2-perplexity,5.109917163848877,0.6814695902586996,10,0.38565830994073197,5.577444094568672e-05,10
sst2,autoencoder-is,7.779941964149475,0.43804473358900187,10,0.2999410528891098,1.1980245181333378e-05,10
sst2,biois,0.541261625289917,0.004376732601712669,10,0.35933974292481025,0.0013634022768030667,10
sst2,gmm-is,14.422692584991456,5.299511961859474,10,0.2999410528891098,1.1980245181333378e-05,10
sst2,no-is,0.004427361488342285,0.00013259266893104194,10,0.0,0.0,10
sst2,perplexity-is,5.231670951843261,0.6578006598466039,10,0.2999410528891098,1.1980245181333378e-05,10
subj,adaptive-cluster-is,6.375966572761536,0.30262429375493627,10,0.4215777777777778,0.010565228059442407,10
subj,adaptive-perplexity,5.6175257682800295,0.6652104496627009,10,0.4124333333333333,0.0038413569335570435,10
subj,adaptive-v2-perplexity,5.425232887268066,0.6375103952061094,10,0.3869222222222222,7.54052387599444e-05,10
subj,autoencoder-is,8.973279023170472,0.6062494373787118,10,0.3,0.0,10
subj,biois,5.775760817527771,8.192640483152395,10,0.30741111111111113,0.0006817431829265193,10
subj,gmm-is,18.894332695007325,4.951161015639335,10,0.3,0.0,10
subj,no-is,0.004563236236572265,0.00011519009686181963,10,0.0,0.0,10
subj,perplexity-is,5.4626874923706055,0.7248452016116628,10,0.3,0.0,10
trec,adaptive-cluster-is,4.397162914276123,0.6058511820520935,10,0.39699061330209034,0.005080913730355464,10
trec,adaptive-perplexity,2.9934767484664917,0.6479178305219572,10,0.41173833542705773,0.00485013058275197,10
trec,adaptive-v2-perplexity,2.4959673643112184,0.4413518607498231,10,0.3210498174897808,0.001624500131110727,10
trec,autoencoder-is,4.148570346832275,0.9250591742998252,10,0.2998058559131903,1.6882814044856018e-05,10
trec,biois,138.90662820339202,68.8507003241901,10,0.4218002890831383,0.0012437078362896742,10
trec,gmm-is,6.50985176563263,2.4835887857987107,10,0.2998058559131903,1.6882814044856018e-05,10
trec,no-is,0.0028064489364624024,5.410780380046261e-05,10,0.0,0.0,10
trec,perplexity-is,2.9113017320632935,0.6126668359449201,10,0.2998058559131903,1.6882814044856018e-05,10
twitter,adaptive-cluster-is,5.163196063041687,0.8167613118424829,10,0.4142565103183665,0.011611005072201124,10
twitter,adaptive-perplexity,4.495785522460937,0.7513786941857908,10,0.2729262796737729,0.01827566235684983,10
twitter,adaptive-v2-perplexity,4.377426028251648,0.6436385971615696,10,0.3843234387094663,0.0001643321154148107,10
twitter,autoencoder-is,6.170998859405517,0.5081976264636887,10,0.29985866588116056,3.841624531568291e-05,10
twitter,biois,157.68597939014435,39.45729572960358,10,0.3647912682338563,0.00027246562246287367,10
twitter,gmm-is,11.598211121559142,4.047799215403478,10,0.29985866588116056,3.841624531568291e-05,10
twitter,no-is,0.0035498857498168944,0.0001655453387903967,10,0.0,0.0,10
twitter,perplexity-is,4.46834626197815,0.8364964882886663,10,0.29985866588116056,3.841624531568291e-05,10
vader_movie,adaptive-cluster-is,6.696086192131043,0.2805736284098609,10,0.4217244898181104,0.012835721735287891,10
vader_movie,adaptive-perplexity,6.013014245033264,0.7661944696934302,10,0.1669187499670468,0.011684331257950464,10
vader_movie,adaptive-v2-perplexity,5.845579504966736,0.7226493779803324,10,0.38529313512946145,0.00013837921843798368,10
vader_movie,autoencoder-is,10.694386863708496,0.8504152346814374,10,0.299899064683082,2.4872342715566526e-05,10
vader_movie,biois,1.6822169542312622,0.02834375379784544,10,0.3659265174539452,0.000655718021374568,10
vader_movie,gmm-is,32.72111568450928,7.5423408687405855,10,0.299899064683082,2.4872342715566526e-05,10
vader_movie,no-is,0.004945135116577149,0.0002869006184368917,10,0.0,0.0,10
vader_movie,perplexity-is,5.899537062644958,0.9070334709341952,10,0.299899064683082,2.4872342715566526e-05,10
webkb,adaptive-perplexity,6.33007276058197,0.9484852608473524,10,0.3735723228382148,0.03895144775495565,10
webkb,adaptive-v2-perplexity,6.165700507164002,0.8383918466674256,10,0.3829328570377477,0.00033832034845402857,10
webkb,autoencoder-is,9.823511791229247,1.250592004297959,10,0.2998604117436791,3.2661345972543235e-05,10
webkb,biois,231.86753871440888,12.878297149028462,10,0.3652205626640052,0.0007660629313544207,10
webkb,gmm-is,34.27815957069397,8.510669499666642,10,0.2998604117436791,3.2661345972543235e-05,10
webkb,no-is,0.004684066772460938,0.00024551945103837145,10,0.0,0.0,10
webkb,perplexity-is,6.15075261592865,0.8530517259498402,10,0.2998604117436791,3.2661345972543235e-05,10
wos11967,adaptive-perplexity,10.107076001167297,0.6660983418517477,10,0.3271974524599092,0.03743130134734686,10
wos11967,adaptive-v2-perplexity,8.058152890205383,0.7482593249621046,10,0.38370334662687827,0.0005691417497873357,10
wos11967,autoencoder-is,14.081190967559815,1.1076376618262689,10,0.2998987963053238,9.62148173894543e-06,10
wos11967,biois,127.86215875148773,4.855352286234849,10,0.3291366161087834,0.00034263880905698073,10
wos11967,gmm-is,45.488747382164,8.621308375252468,10,0.2998987963053238,9.62148173894543e-06,10
wos11967,no-is,0.007734107971191406,0.0018403354808150729,10,0.0,0.0,10
wos11967,perplexity-is,7.759382176399231,0.7373034807969034,10,0.2998987963053238,9.62148173894543e-06,10
wos5736,adaptive-cluster-is,4.338310241699219,0.535280515193152,10,0.4093641701304614,0.0066682203056032605,10
wos5736,adaptive-perplexity,5.015058588981629,0.7097522235345346,10,0.2773899058083465,0.03388768026078931,10
wos5736,adaptive-v2-perplexity,4.990067887306213,0.7293655072720678,10,0.38301944370214464,0.0015173347149381085,10
wos5736,autoencoder-is,7.09548704624176,1.1333822262869127,10,0.2998605326863431,2.1456455060487064e-05,10
wos5736,biois,114.22806644439697,30.309687948219494,10,0.30698900463262613,0.0005357951855759366,10
wos5736,gmm-is,24.178559517860414,9.349062248054475,10,0.2998605326863431,2.1456455060487064e-05,10
wos5736,no-is,0.0037965774536132812,0.0005185510802624393,10,0.0,0.0,10
wos5736,perplexity-is,5.443384385108947,0.8459784358869176,10,0.2998605326863431,2.1456455060487064e-05,10
yelp_2013,adaptive-perplexity,178.9133177757263,4.381443077279659,5,0.31804186624007,0.006314269515248782,5
yelp_2013,adaptive-v2-perplexity,179.35087461471556,3.80763546677362,5,0.3828436084940636,0.0004249966481236651,5
yelp_2013,biois,456.709065580368,42.35952976049316,5,0.44650138165093173,0.0004283653396518483,5
yelp_2013,no-is,0.17221217155456542,0.025114682790461255,5,0.0,0.0,5
yelp_2013,perplexity-is,182.55992255210876,8.975171776878065,5,0.2999965673462813,1.776259580524418e-06,5
yelp_reviews,adaptive-cluster-is,3.6658093452453615,0.4593315565266759,10,0.44566666666666666,0.011062037081369058,10
yelp_reviews,adaptive-perplexity,4.982388377189636,0.637811024594156,10,0.4286888888888889,0.001390807737127789,10
yelp_reviews,adaptive-v2-perplexity,4.732955503463745,0.7703692849273018,10,0.3842888888888889,0.00013087416479698778,10
yelp_reviews,autoencoder-is,5.947426652908325,0.75621998850462,10,0.3,0.0,10
yelp_reviews,biois,24.523613810539246,20.905259733346277,10,0.28355555555555556,0.0006949494716796314,10
yelp_reviews,gmm-is,32.62570493221283,9.942969496636266,10,0.3,0.0,10
yelp_reviews,no-is,0.0035478830337524413,0.0006431782898014229,10,0.0,0.0,10
yelp_reviews,perplexity-is,4.731655573844909,0.7301273296735146,10,0.3,0.0,10
