dataset,method,reduction,class,time0,time1,time2,time3,time4,time5,time6,time7,time8,time9,time_avg_ic
movie_review,adaptive-perplexity,0.37673774746773286,roberta,795.20,805.08,796.35,959.84,791.63,796.14,788.15,955.31,961.27,798.29,
movie_review,adaptive-v2-perplexity,0.3863044257410537,roberta,789.33,788.79,925.21,942.06,948.38,779.96,790.54,789.47,787.93,942.43,
movie_review,autoencoder-is,0.2998186711894243,roberta,900.63,1070.24,895.79,894.97,901.02,890.29,897.45,897.93,896.83,1078.07,
movie_review,biois,0.3727672486429881,roberta,958.48,799.87,954.43,795.82,950.43,798.70,796.38,800.76,799.41,959.45,
movie_review,gmm-is,0.2998186711894243,roberta,914.51,909.37,1086.55,908.57,1079.42,1083.62,909.20,908.09,1259.15,905.37,
movie_review,no-is,0.0,roberta,1271.43,1271.97,1264.18,1270.13,1269.81,1263.07,1271.86,1522.63,1272.88,1260.64,
movie_review,perplexity-is,0.2998186711894243,roberta,889.81,895.38,898.97,894.76,887.90,899.14,1065.11,894.23,1074.50,1073.87,
mpqa,adaptive-perplexity,0.08580048392954212,roberta,1391.54,1156.21,1156.30,1385.68,1392.50,1375.93,1387.99,1389.55,1156.67,1151.13,
mpqa,adaptive-v2-perplexity,0.36699360939508585,roberta,1120.66,965.56,958.24,963.86,1121.17,798.10,962.15,958.29,1120.43,971.04,
mpqa,autoencoder-is,0.2997883798742644,roberta,1068.45,882.09,1071.62,1067.63,1061.63,1242.96,1066.83,1424.65,1243.73,888.42,
mpqa,biois,0.34671149715139626,roberta,843.31,1156.97,987.89,995.00,825.07,991.72,994.49,987.71,826.39,992.17,
mpqa,gmm-is,0.2997883809717596,roberta,895.58,1071.51,896.26,1064.19,1075.08,1072.77,1075.91,896.43,1071.26,1065.54,
mpqa,no-is,0.0,roberta,1530.71,1261.11,1260.87,1515.54,1512.36,1516.10,1501.97,1255.13,1513.60,1259.08,
mpqa,perplexity-is,0.29963123611874326,roberta,1257.38,1065.27,1063.68,886.98,1069.40,1594.68,1062.99,889.61,1061.21,1065.13,
ohsumed,adaptive-perplexity,0.29780596433798656,roberta,2458.05,2204.68,2688.45,2386.82,2461.17,2188.15,2512.55,2561.92,1868.62,1573.19,
ohsumed,adaptive-v2-perplexity,0.38340072234335126,roberta,1915.56,1921.70,1920.65,1911.36,2187.28,1752.06,1284.77,1640.28,730.93,667.48,
ohsumed,autoencoder-is,0.29995507432094953,roberta,2189.40,2812.64,2497.30,2186.49,2193.79,2796.96,2178.92,2497.97,2807.66,2186.02,
ohsumed,biois,0.39798322851805207,roberta,2746.83,2208.59,2746.36,2480.50,2475.05,2481.31,2470.67,2204.39,2218.96,2750.55,
ohsumed,gmm-is,0.29995507432094953,roberta,2226.85,2214.76,2528.31,2220.18,2531.69,2218.86,2536.02,2217.02,2533.77,2839.71,
ohsumed,no-is,0.0,roberta,3532.26,3540.28,3538.09,3526.40,2658.68,3542.82,3530.76,3533.87,3094.85,3528.08,
ohsumed,perplexity-is,0.29995507432094953,roberta,2489.52,2178.09,2488.80,2172.51,2483.71,2793.83,2481.16,2487.58,2166.23,2482.92,
pang_movie,adaptive-perplexity,0.16631216337013469,roberta,1078.24,1072.34,1266.49,1291.63,1284.13,1065.44,1041.44,1269.94,1275.91,1281.89,
pang_movie,adaptive-v2-perplexity,0.3852206177735616,roberta,947.90,943.45,784.00,779.26,950.15,787.00,949.63,936.24,791.55,946.29,
pang_movie,autoencoder-is,0.299818671840805,roberta,899.59,1257.59,1072.87,901.67,899.03,1076.40,900.03,905.52,905.99,901.70,
pang_movie,biois,0.3708601396784481,roberta,1129.16,801.98,806.50,962.44,791.57,803.07,798.12,798.74,963.34,965.77,
pang_movie,gmm-is,0.299818671840805,roberta,927.24,1095.39,927.83,927.67,924.80,1102.13,1096.99,1104.79,924.62,930.89,
pang_movie,no-is,0.0,roberta,1519.47,1273.12,1276.01,1261.89,1526.51,1272.36,1268.51,1267.25,1530.14,1271.72,
pang_movie,perplexity-is,0.299818671840805,roberta,1075.72,895.40,893.31,1078.27,890.22,1067.08,1072.92,1078.93,892.04,897.51,
reuters90,adaptive-perplexity,0.299123574866918,roberta,1962.49,2249.25,1926.69,2157.61,1859.02,2474.67,2173.23,2490.91,2106.16,1982.77,
reuters90,adaptive-v2-perplexity,0.3818899860974089,roberta,1987.41,1987.83,1789.30,1971.07,1587.43,1777.93,1984.59,1981.51,1788.51,1983.79,
reuters90,autoencoder-is,0.2999507820719703,roberta,2266.53,1821.12,2039.06,2033.76,2273.82,2037.07,2274.13,2264.62,2052.89,2051.88,
reuters90,biois,0.40416609843338325,roberta,2196.14,2186.49,2006.92,1815.60,2199.82,1815.54,1818.54,1814.51,2209.55,2007.30,
reuters90,gmm-is,0.2999507820719703,roberta,2070.53,2058.36,2067.87,2291.54,1852.46,2292.64,2065.29,1856.35,2072.52,2078.35,
reuters90,no-is,0.0,roberta,3165.11,3172.84,2869.69,2869.14,3192.98,2867.67,2232.81,3198.96,3194.94,2881.53,
reuters90,perplexity-is,0.29993413205532027,roberta,2240.38,2243.21,1800.93,1797.06,2244.80,1804.20,2020.78,1800.37,2030.79,2259.56,
sst1,adaptive-perplexity,0.3631005128944819,roberta,906.04,901.69,1095.87,918.47,1076.41,1092.00,1081.81,904.64,1081.93,941.42,
sst1,adaptive-v2-perplexity,0.3853320207104415,roberta,865.72,881.25,876.29,1223.68,870.76,1052.95,863.63,1047.97,874.00,1052.80,
sst1,autoencoder-is,0.29992033432002585,roberta,1199.30,1001.66,1002.80,990.77,1000.83,1198.82,1191.11,1198.45,1194.84,1199.20,
sst1,biois,0.5540465509697401,roberta,960.22,953.19,1206.71,951.61,960.57,950.49,1073.98,953.26,957.66,947.93,
sst1,gmm-is,0.29992033432002585,roberta,1209.51,1213.89,1207.18,1212.66,1011.82,1209.72,1009.54,1210.38,1212.17,1212.48,
sst1,no-is,0.0,roberta,1417.57,1671.07,1405.24,1412.20,1398.77,1411.66,1413.97,1411.42,1412.81,1701.19,
sst1,perplexity-is,0.29992033432002585,roberta,1195.60,1193.30,1190.00,1187.05,1000.84,986.04,1186.59,997.53,996.17,995.81,
sst2,adaptive-perplexity,0.37520971442402046,roberta,714.26,996.13,854.71,865.93,853.36,851.68,870.19,886.05,727.84,859.75,
sst2,adaptive-v2-perplexity,0.38565830994073197,roberta,836.84,845.26,849.95,991.09,705.91,849.19,990.26,849.29,716.63,699.86,
sst2,autoencoder-is,0.2999410528891098,roberta,1119.30,969.98,811.36,972.30,809.96,812.44,973.04,808.38,808.50,808.68,
sst2,biois,0.35933974292481025,roberta,870.61,736.43,884.43,735.03,880.46,888.47,879.36,1022.85,878.20,737.98,
sst2,gmm-is,0.2999410528891098,roberta,969.29,814.81,817.54,977.24,974.29,817.46,816.32,815.87,813.92,806.19,
sst2,no-is,0.0,roberta,1140.25,1141.80,1133.14,1361.51,1142.00,1370.60,1369.53,1146.28,1375.72,1134.92,
sst2,perplexity-is,0.2999410528891098,roberta,810.61,967.63,967.21,810.11,973.22,966.41,808.78,810.28,804.35,791.67,
subj,adaptive-perplexity,0.4124333333333333,roberta,711.90,844.34,714.42,1124.17,847.77,846.50,994.60,845.13,846.32,1103.09,
subj,adaptive-v2-perplexity,0.3869222222222222,roberta,878.46,727.54,735.74,1175.33,731.30,883.65,732.39,1023.92,1167.32,1170.22,
subj,autoencoder-is,0.3,roberta,1016.29,995.08,1344.26,842.83,1011.07,1176.56,1342.33,1179.29,1010.39,1497.77,
subj,biois,0.30741111111111113,roberta,835.66,986.97,1003.52,1000.63,827.16,1162.38,1162.07,1000.51,998.04,832.69,
subj,gmm-is,0.3,roberta,1013.04,854.19,1188.05,855.03,858.09,852.56,1020.45,1191.22,1187.26,849.13,
subj,no-is,0.0,roberta,1669.05,2152.87,1418.89,1185.97,1424.04,1436.66,1191.24,1432.46,1668.97,1665.18,
subj,perplexity-is,0.3,roberta,1008.41,845.72,841.68,1007.36,843.11,1175.15,1007.41,1010.44,833.97,999.09,
trec,adaptive-perplexity,0.41173833542705773,roberta,660.32,752.46,743.55,495.54,498.72,679.98,586.91,662.89,505.10,594.76,
trec,adaptive-v2-perplexity,0.37666144385707395,roberta,619.41,535.59,707.72,532.70,612.90,798.63,883.76,881.13,615.85,449.73,
trec,autoencoder-is,0.2998058559131903,roberta,697.71,598.15,692.76,589.27,794.66,698.31,696.78,701.35,892.57,602.28,
trec,biois,0.4218002890831383,roberta,713.33,714.21,794.51,874.50,627.57,786.74,785.31,632.91,715.89,708.46,
trec,gmm-is,0.2998058559131903,roberta,698.90,697.93,800.93,798.36,699.25,698.41,884.82,597.92,799.78,989.55,
trec,no-is,0.0,roberta,848.98,852.99,1277.68,990.33,990.30,851.38,1123.76,1128.68,853.95,839.07,
trec,perplexity-is,0.2998058559131903,roberta,789.62,885.75,599.03,588.42,696.97,798.02,695.90,793.82,797.99,684.01,
twitter,adaptive-perplexity,0.2729262796737729,roberta,724.70,747.19,752.29,707.76,758.79,855.25,703.10,689.30,889.12,849.49,
twitter,adaptive-v2-perplexity,0.3843234387094663,roberta,620.43,617.51,818.89,725.45,721.42,725.79,618.67,621.78,621.97,725.27,
twitter,autoencoder-is,0.29985866588116056,roberta,827.07,704.73,591.34,705.83,706.44,706.68,825.89,708.60,707.10,700.20,
twitter,biois,0.3647912682338563,roberta,899.31,798.48,792.67,1005.90,897.83,903.51,790.77,903.09,1004.76,1003.30,
twitter,gmm-is,0.29985866588116056,roberta,829.28,825.44,827.87,710.56,710.21,714.41,819.90,700.62,593.19,824.82,
twitter,no-is,0.0,roberta,827.40,998.98,1000.66,999.69,829.73,1000.30,1001.07,995.34,984.51,1167.88,
twitter,perplexity-is,0.29985866588116056,roberta,817.48,821.35,810.05,707.65,589.96,705.93,821.36,703.97,586.36,703.95,
vader_movie,adaptive-perplexity,0.1669187499670468,roberta,1294.83,1046.20,1068.53,1065.97,1258.61,1045.90,1016.70,1070.84,1075.66,1037.61,
vader_movie,adaptive-v2-perplexity,0.38529313512946145,roberta,774.00,941.98,779.67,934.01,777.00,778.16,935.80,783.27,779.85,786.86,
vader_movie,autoencoder-is,0.299899064683082,roberta,883.96,891.90,885.66,1069.66,891.52,895.62,893.68,1068.45,891.96,882.10,
vader_movie,biois,0.3659265174539452,roberta,791.37,802.35,800.03,961.96,801.86,800.06,958.67,963.79,962.28,795.37,
vader_movie,gmm-is,0.299899064683082,roberta,918.15,1084.57,917.46,913.76,1092.72,1087.35,914.53,915.46,917.48,1087.90,
vader_movie,no-is,0.0,roberta,1259.19,1507.78,1251.91,1252.98,1500.59,1513.01,1256.08,1258.12,1261.05,1262.90,
vader_movie,perplexity-is,0.299899064683082,roberta,893.85,888.45,1415.77,1064.53,1068.98,1064.79,888.11,1058.00,878.40,886.97,
webkb,adaptive-perplexity,0.3735723228382148,roberta,1180.77,810.08,813.83,892.22,919.35,821.25,817.90,1104.85,1287.11,799.37,
webkb,adaptive-v2-perplexity,0.3829328570377477,roberta,846.11,857.98,852.40,736.09,856.15,850.69,855.42,973.53,982.79,856.63,
webkb,autoencoder-is,0.2998604117436791,roberta,1374.43,1103.16,1109.39,1107.17,1243.72,974.16,835.63,971.33,973.13,1103.05,
webkb,biois,0.3652205626640052,roberta,1227.98,1110.57,1227.31,1355.19,1226.79,1227.41,1229.67,1220.70,974.36,979.22,
webkb,gmm-is,0.2998604117436791,roberta,1271.79,1134.50,1135.20,1270.92,993.53,858.37,995.07,995.53,1125.54,987.72,
webkb,no-is,0.0,roberta,1572.88,1567.20,1377.80,1166.10,1174.78,1372.58,1372.18,1368.90,1180.12,1368.11,
webkb,perplexity-is,0.2998604117436791,roberta,953.99,1235.86,971.79,967.65,1243.22,1241.89,1239.37,967.27,1104.92,968.58,
wos11967,adaptive-perplexity,0.3271974524599092,roberta,1518.38,1448.59,1270.19,1258.51,1252.07,1689.23,1822.03,1509.78,1573.30,1296.46,
wos11967,adaptive-v2-perplexity,0.38370334662687827,roberta,1246.68,1607.02,1785.58,1435.50,1439.43,1615.25,1616.97,1614.47,1261.04,1260.14,
wos11967,autoencoder-is,0.2998987963053238,roberta,1622.14,1421.96,1426.89,1227.11,1630.96,1619.61,1432.85,1432.27,1838.77,1430.03,
wos11967,biois,0.3291366161087834,roberta,1469.21,1480.82,1480.44,1671.93,1678.35,1481.18,1672.57,1481.78,1682.70,1473.70,
wos11967,gmm-is,0.2998987963053238,roberta,1653.32,1458.20,1655.53,1662.38,1261.47,1665.10,1462.64,1459.94,1463.40,1456.65,
wos11967,no-is,0.0,roberta,1715.42,2287.86,2004.06,2556.76,2594.77,1724.36,2309.86,2012.68,2020.03,2015.67,
wos11967,perplexity-is,0.2998987963053238,roberta,1621.33,1418.36,1420.16,1215.56,1617.45,1420.99,1622.30,1620.14,1412.62,1815.89,
wos5736,adaptive-perplexity,0.2773899058083465,roberta,1014.88,594.00,722.40,806.63,721.00,661.49,594.75,674.32,820.47,781.83,
wos5736,adaptive-v2-perplexity,0.38301944370214464,roberta,589.05,600.62,515.22,518.91,589.20,697.29,599.75,767.77,602.05,518.64,
wos5736,autoencoder-is,0.2998605326863431,roberta,577.48,679.27,876.22,768.82,777.99,776.25,873.82,679.98,583.15,778.50,
wos5736,biois,0.30698900463262613,roberta,888.20,883.43,969.49,795.90,887.18,790.88,797.60,793.57,790.22,971.86,
wos5736,gmm-is,0.2998605326863431,roberta,600.46,700.46,793.79,979.34,886.76,794.56,696.77,795.30,797.03,787.49,
wos5736,no-is,0.0,roberta,959.80,681.81,1082.95,1094.30,812.39,824.42,825.58,1373.17,1102.41,827.17,
wos5736,perplexity-is,0.2998605326863431,roberta,681.28,775.15,776.71,682.62,867.17,579.89,674.41,671.03,769.66,778.15,
yelp_reviews,adaptive-perplexity,0.4286888888888889,roberta,414.07,483.40,478.93,482.62,385.65,345.78,402.77,416.60,412.87,415.19,
yelp_reviews,adaptive-v2-perplexity,0.3842888888888889,roberta,516.16,446.58,372.95,442.05,518.96,509.98,372.55,526.65,445.31,450.76,
yelp_reviews,autoencoder-is,0.3,roberta,664.00,503.98,592.98,754.49,507.90,588.33,411.77,505.30,505.17,506.48,
yelp_reviews,biois,0.28355555555555556,roberta,624.94,540.74,707.74,453.53,541.42,452.39,624.60,538.00,539.74,708.06,
yelp_reviews,gmm-is,0.3,roberta,702.10,782.18,538.66,531.44,532.01,440.47,531.34,448.05,529.76,440.78,
yelp_reviews,no-is,0.0,roberta,702.37,713.20,834.67,832.33,950.55,834.91,715.46,708.84,715.42,1072.41,
yelp_reviews,perplexity-is,0.3,roberta,672.62,426.57,507.41,506.71,667.16,497.59,838.60,836.22,584.09,586.91,
